ID	Name	Bgd count	Result count	Result gene list	Pct of bgd	Fold enrichment	Odds ratio	P-value	Benjamini	Bonferroni
GO:0055085	transmembrane transport	350	29	CNAG_00303,CNAG_00539,CNAG_00540,CNAG_00597,CNAG_00598,CNAG_00675,CNAG_00979,CNAG_01318,CNAG_01681,CNAG_01690,CNAG_01742,CNAG_02455,CNAG_02479,CNAG_02600,CNAG_03438,CNAG_03600,CNAG_03719,CNAG_04210,CNAG_04416,CNAG_04546,CNAG_05330,CNAG_05340,CNAG_05812,CNAG_05867,CNAG_06186,CNAG_06242,CNAG_07695,CNAG_07799,CNAG_07869,	8.3	2.12	2.42	7.73520584533e-05	0.00239791381205	0.00239791381205
GO:0005975	carbohydrate metabolic process	140	12	CNAG_00122,CNAG_00373,CNAG_00914,CNAG_01239,CNAG_02225,CNAG_04344,CNAG_04874,CNAG_05264,CNAG_05803,CNAG_06832,CNAG_06835,CNAG_07600,	8.6	2.19	2.38	0.00828769284957	0.103353094589	0.256918478337
GO:0007018	microtubule-based movement	12	3	CNAG_00172,CNAG_03453,CNAG_05752,	25.0	6.39	8.29	0.0100019123796	0.103353094589	0.310059283767
GO:0098542	defense response to other organism	1	1	CNAG_06346,	100.0	25.55	inf	0.0391389432484	0.303326810175	1.0
