ID	Name	Bgd count	Result count	Result gene list	Pct of bgd	Fold enrichment	Odds ratio	P-value	Benjamini	Bonferroni
GO:0007018	microtubule-based movement	12	3	CNAG_03453,CNAG_05752,CNAG_06335,	25.0	25.05	35.07	0.000193435634232	0.00406214831887	0.00406214831887
GO:0000278	mitotic cell cycle	21	2	CNAG_01959,CNAG_03184,	9.5	9.54	10.83	0.0181711077746	0.190796631633	0.381593263266
GO:0008150	biological process	3075	37	CNAG_00407,CNAG_00854,CNAG_00895,CNAG_00979,CNAG_01894,CNAG_01907,CNAG_01959,CNAG_02008,CNAG_02024,CNAG_02125,CNAG_02156,CNAG_02194,CNAG_02323,CNAG_02455,CNAG_02510,CNAG_02692,CNAG_02775,CNAG_02830,CNAG_03184,CNAG_03223,CNAG_03442,CNAG_03453,CNAG_03878,CNAG_04171,CNAG_04380,CNAG_04669,CNAG_04681,CNAG_05411,CNAG_05581,CNAG_05731,CNAG_05752,CNAG_05853,CNAG_06335,CNAG_06336,CNAG_07627,CNAG_07756,CNAG_07770,	1.2	1.21	1.76	0.0451522375203	0.251318638088	0.948196987926
GO:0006629	lipid metabolic process	138	4	CNAG_00854,CNAG_02830,CNAG_03442,CNAG_04669,	2.9	2.9	3.13	0.0478702167786	0.251318638088	1.0
