ID	Name	Bgd count	Result count	Result gene list	Pct of bgd	Fold enrichment	Odds ratio	P-value	Benjamini	Bonferroni
GO:0022857	transmembrane transporter activity	356	30	CNAG_00303,CNAG_00539,CNAG_00540,CNAG_00598,CNAG_00675,CNAG_00979,CNAG_01318,CNAG_01681,CNAG_01690,CNAG_01742,CNAG_02455,CNAG_02479,CNAG_02600,CNAG_03438,CNAG_03600,CNAG_03719,CNAG_04209,CNAG_04210,CNAG_04416,CNAG_04546,CNAG_05154,CNAG_05330,CNAG_05340,CNAG_05812,CNAG_05867,CNAG_06186,CNAG_06242,CNAG_07695,CNAG_07799,CNAG_07869,	8.4	2.15	2.48	4.16553549783e-05	0.00108303922943	0.00108303922943
GO:0016798	hydrolase activity, acting on glycosyl bonds	69	10	CNAG_00122,CNAG_00373,CNAG_00914,CNAG_02225,CNAG_04874,CNAG_05264,CNAG_05803,CNAG_06832,CNAG_06835,CNAG_07600,	14.5	3.7	4.33	0.000304176257307	0.00395429134499	0.00790858268997
GO:0016491	oxidoreductase activity	430	24	CNAG_00126,CNAG_00141,CNAG_00247,CNAG_00275,CNAG_00654,CNAG_00735,CNAG_00879,CNAG_00979,CNAG_01138,CNAG_01542,CNAG_01777,CNAG_02049,CNAG_02979,CNAG_03199,CNAG_03556,CNAG_03848,CNAG_04969,CNAG_05657,CNAG_06241,CNAG_06554,CNAG_06785,CNAG_06836,CNAG_06917,CNAG_07937,	5.6	1.43	1.51	0.0466221337242	0.310865540419	1.0
GO:0008092	cytoskeletal protein binding	51	5	CNAG_00110,CNAG_00172,CNAG_01389,CNAG_03453,CNAG_05752,	9.8	2.5	2.71	0.0478254677568	0.310865540419	1.0
